{
  "generated_at": "2026-01-02T23:23:57.946703+00:00",
  "scenarios_compared": 2,
  "baseline_total_tools": 59,
  "memory_total_tools": 53,
  "baseline_total_time": 243.21,
  "memory_total_time": 268.55,
  "tool_change_percent": -10.16949152542373,
  "time_change_percent": 10.418979482751531
}
