{
  "generated_at": "2026-01-02T23:10:34.429839+00:00",
  "scenarios_compared": 1,
  "baseline_total_tools": 26,
  "memory_total_tools": 19,
  "baseline_total_time": 72.85,
  "memory_total_time": 70.99,
  "tool_change_percent": -26.923076923076923,
  "time_change_percent": -2.553191489361702
}
